--------------------------------------------------------
--  파일이 생성됨 - 월요일-12월-18-2023   
--------------------------------------------------------
--------------------------------------------------------
--  DDL for Sequence SCHEDULE_ID_SEQ
--------------------------------------------------------

   CREATE SEQUENCE  "DEV"."SCHEDULE_ID_SEQ"  MINVALUE 1 MAXVALUE 9999999999999999999999999999 INCREMENT BY 1 START WITH 101 CACHE 20 NOORDER  NOCYCLE ;
--------------------------------------------------------
--  DDL for Sequence TICKET_ID_SEQ
--------------------------------------------------------

   CREATE SEQUENCE  "DEV"."TICKET_ID_SEQ"  MINVALUE 1 MAXVALUE 9999999999999999999999999999 INCREMENT BY 1 START WITH 41 CACHE 20 NOORDER  NOCYCLE ;
--------------------------------------------------------
--  DDL for Sequence S_NUMBER_SEQ
--------------------------------------------------------

   CREATE SEQUENCE  "DEV"."S_NUMBER_SEQ"  MINVALUE 1 MAXVALUE 9999999999999999999999999999 INCREMENT BY 1 START WITH 1 NOCACHE  NOORDER  NOCYCLE ;
--------------------------------------------------------
--  DDL for Table SCHEDULE
--------------------------------------------------------

  CREATE TABLE "DEV"."SCHEDULE" 
   (	"SCHEDULE_ID" VARCHAR2(10 BYTE), 
	"MOVIE_ID" VARCHAR2(10 BYTE), 
	"SCHEDULE_DATE" DATE, 
	"REMAIN_SEAT" NUMBER(10,0) DEFAULT 50, 
	"DISCOUNT" VARCHAR2(20 BYTE) DEFAULT ' '
   ) SEGMENT CREATION IMMEDIATE 
  PCTFREE 10 PCTUSED 40 INITRANS 1 MAXTRANS 255 NOCOMPRESS LOGGING
  STORAGE(INITIAL 65536 NEXT 1048576 MINEXTENTS 1 MAXEXTENTS 2147483645
  PCTINCREASE 0 FREELISTS 1 FREELIST GROUPS 1 BUFFER_POOL DEFAULT FLASH_CACHE DEFAULT CELL_FLASH_CACHE DEFAULT)
  TABLESPACE "USERS" ;
--------------------------------------------------------
--  DDL for Table TICKET
--------------------------------------------------------

  CREATE TABLE "DEV"."TICKET" 
   (	"TICKET_ID" NUMBER(38,0), 
	"USER_ID" VARCHAR2(50 BYTE), 
	"SCHEDULE_ID" VARCHAR2(10 BYTE), 
	"AGE" VARCHAR2(10 BYTE), 
	"SEAT_ROW" VARCHAR2(10 BYTE), 
	"SEAT_COLUMN" NUMBER(10,0), 
	"DISCOUNT" VARCHAR2(50 BYTE), 
	"PRICE" NUMBER(30,0), 
	"RESERVE_DATE" DATE
   ) SEGMENT CREATION IMMEDIATE 
  PCTFREE 10 PCTUSED 40 INITRANS 1 MAXTRANS 255 NOCOMPRESS LOGGING
  STORAGE(INITIAL 65536 NEXT 1048576 MINEXTENTS 1 MAXEXTENTS 2147483645
  PCTINCREASE 0 FREELISTS 1 FREELIST GROUPS 1 BUFFER_POOL DEFAULT FLASH_CACHE DEFAULT CELL_FLASH_CACHE DEFAULT)
  TABLESPACE "USERS" ;
--------------------------------------------------------
--  DDL for Table T_USER
--------------------------------------------------------

  CREATE TABLE "DEV"."T_USER" 
   (	"USER_ID" VARCHAR2(50 BYTE), 
	"PASSWD" VARCHAR2(50 BYTE), 
	"USER_NAME" VARCHAR2(50 BYTE), 
	"USER_TEL" VARCHAR2(50 BYTE), 
	"JOIN_DATE" DATE DEFAULT SYSDATE
   ) SEGMENT CREATION IMMEDIATE 
  PCTFREE 10 PCTUSED 40 INITRANS 1 MAXTRANS 255 NOCOMPRESS LOGGING
  STORAGE(INITIAL 65536 NEXT 1048576 MINEXTENTS 1 MAXEXTENTS 2147483645
  PCTINCREASE 0 FREELISTS 1 FREELIST GROUPS 1 BUFFER_POOL DEFAULT FLASH_CACHE DEFAULT CELL_FLASH_CACHE DEFAULT)
  TABLESPACE "USERS" ;
--------------------------------------------------------
--  DDL for Table MOVIE
--------------------------------------------------------

  CREATE TABLE "DEV"."MOVIE" 
   (	"MOVIE_ID" VARCHAR2(10 BYTE), 
	"MOVIE_NAME" VARCHAR2(100 BYTE), 
	"DIRECTOR" VARCHAR2(50 BYTE), 
	"GENRE" VARCHAR2(50 BYTE), 
	"ACTORS" VARCHAR2(1000 BYTE), 
	"RELEASE_DATE" DATE, 
	"AGE_LIMIT" NUMBER(10,0), 
	"RUNNING_TIME" NUMBER(20,0), 
	"PLOT" VARCHAR2(1000 BYTE)
   ) SEGMENT CREATION IMMEDIATE 
  PCTFREE 10 PCTUSED 40 INITRANS 1 MAXTRANS 255 NOCOMPRESS LOGGING
  STORAGE(INITIAL 65536 NEXT 1048576 MINEXTENTS 1 MAXEXTENTS 2147483645
  PCTINCREASE 0 FREELISTS 1 FREELIST GROUPS 1 BUFFER_POOL DEFAULT FLASH_CACHE DEFAULT CELL_FLASH_CACHE DEFAULT)
  TABLESPACE "USERS" ;
--------------------------------------------------------
--  DDL for Table BOOKS
--------------------------------------------------------

  CREATE TABLE "DEV"."BOOKS" 
   (	"BOOK_CODE" VARCHAR2(10 BYTE), 
	"BOOK_NAME" VARCHAR2(100 BYTE), 
	"AUTHOR" VARCHAR2(100 BYTE), 
	"PUBLISHER" VARCHAR2(100 BYTE), 
	"BOOK_COST" NUMBER DEFAULT 10000
   ) SEGMENT CREATION IMMEDIATE 
  PCTFREE 10 PCTUSED 40 INITRANS 1 MAXTRANS 255 NOCOMPRESS LOGGING
  STORAGE(INITIAL 65536 NEXT 1048576 MINEXTENTS 1 MAXEXTENTS 2147483645
  PCTINCREASE 0 FREELISTS 1 FREELIST GROUPS 1 BUFFER_POOL DEFAULT FLASH_CACHE DEFAULT CELL_FLASH_CACHE DEFAULT)
  TABLESPACE "USERS" ;
--------------------------------------------------------
--  DDL for Table STUDENT
--------------------------------------------------------

  CREATE TABLE "DEV"."STUDENT" 
   (	"STUDENT_NUMBER" VARCHAR2(10 BYTE), 
	"STUDENT_NAME" VARCHAR2(100 BYTE), 
	"ENGLISH_SCORE" NUMBER DEFAULT 80, 
	"MATHEMATICS_SCORE" NUMBER DEFAULT 70
   ) SEGMENT CREATION IMMEDIATE 
  PCTFREE 10 PCTUSED 40 INITRANS 1 MAXTRANS 255 NOCOMPRESS LOGGING
  STORAGE(INITIAL 65536 NEXT 1048576 MINEXTENTS 1 MAXEXTENTS 2147483645
  PCTINCREASE 0 FREELISTS 1 FREELIST GROUPS 1 BUFFER_POOL DEFAULT FLASH_CACHE DEFAULT CELL_FLASH_CACHE DEFAULT)
  TABLESPACE "USERS" ;
REM INSERTING into DEV.SCHEDULE
SET DEFINE OFF;
Insert into DEV.SCHEDULE (SCHEDULE_ID,MOVIE_ID,SCHEDULE_DATE,REMAIN_SEAT,DISCOUNT) values ('1','23-001',to_date('2023/12/20 08:00:00','YYYY/MM/DD HH24:MI:SS'),46,'조조');
Insert into DEV.SCHEDULE (SCHEDULE_ID,MOVIE_ID,SCHEDULE_DATE,REMAIN_SEAT,DISCOUNT) values ('2','23-001',to_date('2023/12/20 12:30:00','YYYY/MM/DD HH24:MI:SS'),50,' ');
Insert into DEV.SCHEDULE (SCHEDULE_ID,MOVIE_ID,SCHEDULE_DATE,REMAIN_SEAT,DISCOUNT) values ('3','23-001',to_date('2023/12/20 16:00:00','YYYY/MM/DD HH24:MI:SS'),50,' ');
Insert into DEV.SCHEDULE (SCHEDULE_ID,MOVIE_ID,SCHEDULE_DATE,REMAIN_SEAT,DISCOUNT) values ('4','23-001',to_date('2023/12/20 20:00:00','YYYY/MM/DD HH24:MI:SS'),50,' ');
Insert into DEV.SCHEDULE (SCHEDULE_ID,MOVIE_ID,SCHEDULE_DATE,REMAIN_SEAT,DISCOUNT) values ('5','23-001',to_date('2023/12/20 23:30:00','YYYY/MM/DD HH24:MI:SS'),50,'심야');
Insert into DEV.SCHEDULE (SCHEDULE_ID,MOVIE_ID,SCHEDULE_DATE,REMAIN_SEAT,DISCOUNT) values ('6','23-001',to_date('2023/12/21 08:00:00','YYYY/MM/DD HH24:MI:SS'),50,'조조');
Insert into DEV.SCHEDULE (SCHEDULE_ID,MOVIE_ID,SCHEDULE_DATE,REMAIN_SEAT,DISCOUNT) values ('7','23-001',to_date('2023/12/21 12:30:00','YYYY/MM/DD HH24:MI:SS'),50,' ');
Insert into DEV.SCHEDULE (SCHEDULE_ID,MOVIE_ID,SCHEDULE_DATE,REMAIN_SEAT,DISCOUNT) values ('8','23-001',to_date('2023/12/21 16:00:00','YYYY/MM/DD HH24:MI:SS'),50,' ');
Insert into DEV.SCHEDULE (SCHEDULE_ID,MOVIE_ID,SCHEDULE_DATE,REMAIN_SEAT,DISCOUNT) values ('9','23-001',to_date('2023/12/21 20:00:00','YYYY/MM/DD HH24:MI:SS'),50,' ');
Insert into DEV.SCHEDULE (SCHEDULE_ID,MOVIE_ID,SCHEDULE_DATE,REMAIN_SEAT,DISCOUNT) values ('10','23-001',to_date('2023/12/21 23:30:00','YYYY/MM/DD HH24:MI:SS'),50,'심야');
Insert into DEV.SCHEDULE (SCHEDULE_ID,MOVIE_ID,SCHEDULE_DATE,REMAIN_SEAT,DISCOUNT) values ('11','23-001',to_date('2023/12/22 08:00:00','YYYY/MM/DD HH24:MI:SS'),50,'조조');
Insert into DEV.SCHEDULE (SCHEDULE_ID,MOVIE_ID,SCHEDULE_DATE,REMAIN_SEAT,DISCOUNT) values ('12','23-001',to_date('2023/12/22 12:30:00','YYYY/MM/DD HH24:MI:SS'),50,' ');
Insert into DEV.SCHEDULE (SCHEDULE_ID,MOVIE_ID,SCHEDULE_DATE,REMAIN_SEAT,DISCOUNT) values ('13','23-001',to_date('2023/12/22 16:00:00','YYYY/MM/DD HH24:MI:SS'),50,' ');
Insert into DEV.SCHEDULE (SCHEDULE_ID,MOVIE_ID,SCHEDULE_DATE,REMAIN_SEAT,DISCOUNT) values ('14','23-001',to_date('2023/12/22 20:00:00','YYYY/MM/DD HH24:MI:SS'),50,' ');
Insert into DEV.SCHEDULE (SCHEDULE_ID,MOVIE_ID,SCHEDULE_DATE,REMAIN_SEAT,DISCOUNT) values ('15','23-001',to_date('2023/12/22 23:30:00','YYYY/MM/DD HH24:MI:SS'),50,'심야');
Insert into DEV.SCHEDULE (SCHEDULE_ID,MOVIE_ID,SCHEDULE_DATE,REMAIN_SEAT,DISCOUNT) values ('16','23-001',to_date('2023/12/23 08:00:00','YYYY/MM/DD HH24:MI:SS'),50,'조조');
Insert into DEV.SCHEDULE (SCHEDULE_ID,MOVIE_ID,SCHEDULE_DATE,REMAIN_SEAT,DISCOUNT) values ('17','23-001',to_date('2023/12/23 08:00:00','YYYY/MM/DD HH24:MI:SS'),50,'조조');
Insert into DEV.SCHEDULE (SCHEDULE_ID,MOVIE_ID,SCHEDULE_DATE,REMAIN_SEAT,DISCOUNT) values ('18','23-001',to_date('2023/12/23 12:30:00','YYYY/MM/DD HH24:MI:SS'),50,' ');
Insert into DEV.SCHEDULE (SCHEDULE_ID,MOVIE_ID,SCHEDULE_DATE,REMAIN_SEAT,DISCOUNT) values ('19','23-001',to_date('2023/12/23 16:00:00','YYYY/MM/DD HH24:MI:SS'),50,' ');
Insert into DEV.SCHEDULE (SCHEDULE_ID,MOVIE_ID,SCHEDULE_DATE,REMAIN_SEAT,DISCOUNT) values ('20','23-001',to_date('2023/12/23 20:00:00','YYYY/MM/DD HH24:MI:SS'),50,' ');
Insert into DEV.SCHEDULE (SCHEDULE_ID,MOVIE_ID,SCHEDULE_DATE,REMAIN_SEAT,DISCOUNT) values ('22','23-001',to_date('2023/12/24 08:00:00','YYYY/MM/DD HH24:MI:SS'),50,'조조');
Insert into DEV.SCHEDULE (SCHEDULE_ID,MOVIE_ID,SCHEDULE_DATE,REMAIN_SEAT,DISCOUNT) values ('23','23-001',to_date('2023/12/24 12:30:00','YYYY/MM/DD HH24:MI:SS'),50,' ');
Insert into DEV.SCHEDULE (SCHEDULE_ID,MOVIE_ID,SCHEDULE_DATE,REMAIN_SEAT,DISCOUNT) values ('24','23-001',to_date('2023/12/24 16:00:00','YYYY/MM/DD HH24:MI:SS'),50,' ');
Insert into DEV.SCHEDULE (SCHEDULE_ID,MOVIE_ID,SCHEDULE_DATE,REMAIN_SEAT,DISCOUNT) values ('25','23-001',to_date('2023/12/24 20:00:00','YYYY/MM/DD HH24:MI:SS'),50,' ');
Insert into DEV.SCHEDULE (SCHEDULE_ID,MOVIE_ID,SCHEDULE_DATE,REMAIN_SEAT,DISCOUNT) values ('26','23-001',to_date('2023/12/24 23:30:00','YYYY/MM/DD HH24:MI:SS'),50,'심야');
Insert into DEV.SCHEDULE (SCHEDULE_ID,MOVIE_ID,SCHEDULE_DATE,REMAIN_SEAT,DISCOUNT) values ('27','23-001',to_date('2023/12/25 08:00:00','YYYY/MM/DD HH24:MI:SS'),50,'조조');
Insert into DEV.SCHEDULE (SCHEDULE_ID,MOVIE_ID,SCHEDULE_DATE,REMAIN_SEAT,DISCOUNT) values ('28','23-001',to_date('2023/12/25 12:30:00','YYYY/MM/DD HH24:MI:SS'),50,' ');
Insert into DEV.SCHEDULE (SCHEDULE_ID,MOVIE_ID,SCHEDULE_DATE,REMAIN_SEAT,DISCOUNT) values ('29','23-001',to_date('2023/12/25 16:00:00','YYYY/MM/DD HH24:MI:SS'),50,' ');
Insert into DEV.SCHEDULE (SCHEDULE_ID,MOVIE_ID,SCHEDULE_DATE,REMAIN_SEAT,DISCOUNT) values ('30','23-001',to_date('2023/12/25 20:00:00','YYYY/MM/DD HH24:MI:SS'),50,' ');
Insert into DEV.SCHEDULE (SCHEDULE_ID,MOVIE_ID,SCHEDULE_DATE,REMAIN_SEAT,DISCOUNT) values ('31','23-001',to_date('2023/12/25 23:30:00','YYYY/MM/DD HH24:MI:SS'),50,'심야');
Insert into DEV.SCHEDULE (SCHEDULE_ID,MOVIE_ID,SCHEDULE_DATE,REMAIN_SEAT,DISCOUNT) values ('32','23-001',to_date('2023/12/26 08:00:00','YYYY/MM/DD HH24:MI:SS'),50,'조조');
Insert into DEV.SCHEDULE (SCHEDULE_ID,MOVIE_ID,SCHEDULE_DATE,REMAIN_SEAT,DISCOUNT) values ('33','23-001',to_date('2023/12/26 12:30:00','YYYY/MM/DD HH24:MI:SS'),50,' ');
Insert into DEV.SCHEDULE (SCHEDULE_ID,MOVIE_ID,SCHEDULE_DATE,REMAIN_SEAT,DISCOUNT) values ('34','23-001',to_date('2023/12/26 16:00:00','YYYY/MM/DD HH24:MI:SS'),50,' ');
Insert into DEV.SCHEDULE (SCHEDULE_ID,MOVIE_ID,SCHEDULE_DATE,REMAIN_SEAT,DISCOUNT) values ('35','23-001',to_date('2023/12/26 20:00:00','YYYY/MM/DD HH24:MI:SS'),50,' ');
Insert into DEV.SCHEDULE (SCHEDULE_ID,MOVIE_ID,SCHEDULE_DATE,REMAIN_SEAT,DISCOUNT) values ('36','23-001',to_date('2023/12/26 23:30:00','YYYY/MM/DD HH24:MI:SS'),50,'심야');
Insert into DEV.SCHEDULE (SCHEDULE_ID,MOVIE_ID,SCHEDULE_DATE,REMAIN_SEAT,DISCOUNT) values ('39','23-001',to_date('2023/12/27 08:00:00','YYYY/MM/DD HH24:MI:SS'),50,'조조');
Insert into DEV.SCHEDULE (SCHEDULE_ID,MOVIE_ID,SCHEDULE_DATE,REMAIN_SEAT,DISCOUNT) values ('40','23-001',to_date('2023/12/27 12:30:00','YYYY/MM/DD HH24:MI:SS'),50,' ');
Insert into DEV.SCHEDULE (SCHEDULE_ID,MOVIE_ID,SCHEDULE_DATE,REMAIN_SEAT,DISCOUNT) values ('41','23-001',to_date('2023/12/27 16:00:00','YYYY/MM/DD HH24:MI:SS'),50,' ');
Insert into DEV.SCHEDULE (SCHEDULE_ID,MOVIE_ID,SCHEDULE_DATE,REMAIN_SEAT,DISCOUNT) values ('42','23-001',to_date('2023/12/27 20:00:00','YYYY/MM/DD HH24:MI:SS'),50,' ');
Insert into DEV.SCHEDULE (SCHEDULE_ID,MOVIE_ID,SCHEDULE_DATE,REMAIN_SEAT,DISCOUNT) values ('43','23-001',to_date('2023/12/27 23:30:00','YYYY/MM/DD HH24:MI:SS'),50,'심야');
Insert into DEV.SCHEDULE (SCHEDULE_ID,MOVIE_ID,SCHEDULE_DATE,REMAIN_SEAT,DISCOUNT) values ('60','23-002',to_date('2023/12/20 09:00:00','YYYY/MM/DD HH24:MI:SS'),50,' ');
Insert into DEV.SCHEDULE (SCHEDULE_ID,MOVIE_ID,SCHEDULE_DATE,REMAIN_SEAT,DISCOUNT) values ('61','23-002',to_date('2023/12/20 14:00:00','YYYY/MM/DD HH24:MI:SS'),50,' ');
Insert into DEV.SCHEDULE (SCHEDULE_ID,MOVIE_ID,SCHEDULE_DATE,REMAIN_SEAT,DISCOUNT) values ('62','23-002',to_date('2023/12/20 19:30:00','YYYY/MM/DD HH24:MI:SS'),50,' ');
Insert into DEV.SCHEDULE (SCHEDULE_ID,MOVIE_ID,SCHEDULE_DATE,REMAIN_SEAT,DISCOUNT) values ('63','23-002',to_date('2023/12/21 09:00:00','YYYY/MM/DD HH24:MI:SS'),50,' ');
Insert into DEV.SCHEDULE (SCHEDULE_ID,MOVIE_ID,SCHEDULE_DATE,REMAIN_SEAT,DISCOUNT) values ('64','23-002',to_date('2023/12/21 14:00:00','YYYY/MM/DD HH24:MI:SS'),50,' ');
Insert into DEV.SCHEDULE (SCHEDULE_ID,MOVIE_ID,SCHEDULE_DATE,REMAIN_SEAT,DISCOUNT) values ('65','23-002',to_date('2023/12/21 19:30:00','YYYY/MM/DD HH24:MI:SS'),50,' ');
Insert into DEV.SCHEDULE (SCHEDULE_ID,MOVIE_ID,SCHEDULE_DATE,REMAIN_SEAT,DISCOUNT) values ('66','23-002',to_date('2023/12/22 09:00:00','YYYY/MM/DD HH24:MI:SS'),50,' ');
Insert into DEV.SCHEDULE (SCHEDULE_ID,MOVIE_ID,SCHEDULE_DATE,REMAIN_SEAT,DISCOUNT) values ('67','23-002',to_date('2023/12/22 14:00:00','YYYY/MM/DD HH24:MI:SS'),50,' ');
Insert into DEV.SCHEDULE (SCHEDULE_ID,MOVIE_ID,SCHEDULE_DATE,REMAIN_SEAT,DISCOUNT) values ('68','23-002',to_date('2023/12/22 19:30:00','YYYY/MM/DD HH24:MI:SS'),50,' ');
Insert into DEV.SCHEDULE (SCHEDULE_ID,MOVIE_ID,SCHEDULE_DATE,REMAIN_SEAT,DISCOUNT) values ('69','23-002',to_date('2023/12/23 09:00:00','YYYY/MM/DD HH24:MI:SS'),50,' ');
Insert into DEV.SCHEDULE (SCHEDULE_ID,MOVIE_ID,SCHEDULE_DATE,REMAIN_SEAT,DISCOUNT) values ('70','23-002',to_date('2023/12/23 14:00:00','YYYY/MM/DD HH24:MI:SS'),50,' ');
Insert into DEV.SCHEDULE (SCHEDULE_ID,MOVIE_ID,SCHEDULE_DATE,REMAIN_SEAT,DISCOUNT) values ('71','23-002',to_date('2023/12/23 19:30:00','YYYY/MM/DD HH24:MI:SS'),50,' ');
Insert into DEV.SCHEDULE (SCHEDULE_ID,MOVIE_ID,SCHEDULE_DATE,REMAIN_SEAT,DISCOUNT) values ('72','23-002',to_date('2023/12/24 09:00:00','YYYY/MM/DD HH24:MI:SS'),50,' ');
Insert into DEV.SCHEDULE (SCHEDULE_ID,MOVIE_ID,SCHEDULE_DATE,REMAIN_SEAT,DISCOUNT) values ('73','23-002',to_date('2023/12/24 14:00:00','YYYY/MM/DD HH24:MI:SS'),50,' ');
Insert into DEV.SCHEDULE (SCHEDULE_ID,MOVIE_ID,SCHEDULE_DATE,REMAIN_SEAT,DISCOUNT) values ('74','23-002',to_date('2023/12/24 19:30:00','YYYY/MM/DD HH24:MI:SS'),50,' ');
Insert into DEV.SCHEDULE (SCHEDULE_ID,MOVIE_ID,SCHEDULE_DATE,REMAIN_SEAT,DISCOUNT) values ('75','23-002',to_date('2023/12/25 09:00:00','YYYY/MM/DD HH24:MI:SS'),50,' ');
Insert into DEV.SCHEDULE (SCHEDULE_ID,MOVIE_ID,SCHEDULE_DATE,REMAIN_SEAT,DISCOUNT) values ('76','23-002',to_date('2023/12/25 14:00:00','YYYY/MM/DD HH24:MI:SS'),50,' ');
Insert into DEV.SCHEDULE (SCHEDULE_ID,MOVIE_ID,SCHEDULE_DATE,REMAIN_SEAT,DISCOUNT) values ('77','23-002',to_date('2023/12/25 19:30:00','YYYY/MM/DD HH24:MI:SS'),50,' ');
Insert into DEV.SCHEDULE (SCHEDULE_ID,MOVIE_ID,SCHEDULE_DATE,REMAIN_SEAT,DISCOUNT) values ('78','23-002',to_date('2023/12/26 09:00:00','YYYY/MM/DD HH24:MI:SS'),50,' ');
Insert into DEV.SCHEDULE (SCHEDULE_ID,MOVIE_ID,SCHEDULE_DATE,REMAIN_SEAT,DISCOUNT) values ('79','23-002',to_date('2023/12/26 14:00:00','YYYY/MM/DD HH24:MI:SS'),50,' ');
Insert into DEV.SCHEDULE (SCHEDULE_ID,MOVIE_ID,SCHEDULE_DATE,REMAIN_SEAT,DISCOUNT) values ('80','23-002',to_date('2023/12/26 19:30:00','YYYY/MM/DD HH24:MI:SS'),50,' ');
Insert into DEV.SCHEDULE (SCHEDULE_ID,MOVIE_ID,SCHEDULE_DATE,REMAIN_SEAT,DISCOUNT) values ('81','23-002',to_date('2023/12/27 09:00:00','YYYY/MM/DD HH24:MI:SS'),50,' ');
Insert into DEV.SCHEDULE (SCHEDULE_ID,MOVIE_ID,SCHEDULE_DATE,REMAIN_SEAT,DISCOUNT) values ('82','23-002',to_date('2023/12/27 14:00:00','YYYY/MM/DD HH24:MI:SS'),50,' ');
Insert into DEV.SCHEDULE (SCHEDULE_ID,MOVIE_ID,SCHEDULE_DATE,REMAIN_SEAT,DISCOUNT) values ('83','23-002',to_date('2023/12/27 19:30:00','YYYY/MM/DD HH24:MI:SS'),50,' ');
REM INSERTING into DEV.TICKET
SET DEFINE OFF;
Insert into DEV.TICKET (TICKET_ID,USER_ID,SCHEDULE_ID,AGE,SEAT_ROW,SEAT_COLUMN,DISCOUNT,PRICE,RESERVE_DATE) values (24,'khj365','1','성인','A',5,'조조',11000,to_date('2023/12/18 22:31:20','YYYY/MM/DD HH24:MI:SS'));
Insert into DEV.TICKET (TICKET_ID,USER_ID,SCHEDULE_ID,AGE,SEAT_ROW,SEAT_COLUMN,DISCOUNT,PRICE,RESERVE_DATE) values (25,'khj365','1','성인','A',6,'조조',11000,to_date('2023/12/18 22:31:24','YYYY/MM/DD HH24:MI:SS'));
Insert into DEV.TICKET (TICKET_ID,USER_ID,SCHEDULE_ID,AGE,SEAT_ROW,SEAT_COLUMN,DISCOUNT,PRICE,RESERVE_DATE) values (26,'khj365','1','성인','C',5,'조조',11000,to_date('2023/12/18 22:36:19','YYYY/MM/DD HH24:MI:SS'));
Insert into DEV.TICKET (TICKET_ID,USER_ID,SCHEDULE_ID,AGE,SEAT_ROW,SEAT_COLUMN,DISCOUNT,PRICE,RESERVE_DATE) values (27,'khj365','1','성인','C',6,'조조',11000,to_date('2023/12/18 22:36:29','YYYY/MM/DD HH24:MI:SS'));
REM INSERTING into DEV.T_USER
SET DEFINE OFF;
Insert into DEV.T_USER (USER_ID,PASSWD,USER_NAME,USER_TEL,JOIN_DATE) values ('sys','sys','관리자',null,null);
Insert into DEV.T_USER (USER_ID,PASSWD,USER_NAME,USER_TEL,JOIN_DATE) values ('khj365','0000','김현준','010-1234-5678',to_date('2023/12/15 10:20:41','YYYY/MM/DD HH24:MI:SS'));
REM INSERTING into DEV.MOVIE
SET DEFINE OFF;
Insert into DEV.MOVIE (MOVIE_ID,MOVIE_NAME,DIRECTOR,GENRE,ACTORS,RELEASE_DATE,AGE_LIMIT,RUNNING_TIME,PLOT) values ('23-006','3일의 휴가','육상효','드라마','김해숙 ,  신민아 ,  강기영 ,  황보라 ,  박명훈',to_date('2023/12/06 00:00:00','YYYY/MM/DD HH24:MI:SS'),12,105,'죽은 지 3년째 되는 날,
    ‘복자’(김해숙)는 하늘에서 3일간의 휴가를 받아
    규칙 안내를 맡은 신입 ‘가이드’(강기영)와 함께 지상에 내려온다.');
Insert into DEV.MOVIE (MOVIE_ID,MOVIE_NAME,DIRECTOR,GENRE,ACTORS,RELEASE_DATE,AGE_LIMIT,RUNNING_TIME,PLOT) values ('23-007','싱글 인 서울','박범수','로맨스','이동욱, 임수정, 이솜, 장현성, 김지영',to_date('2023/11/29 00:00:00','YYYY/MM/DD HH24:MI:SS'),12,103,'“사실 혼자인 사람은 없잖아요”
    서울, 혼자가 좋지만 연애는 하고 싶은
    두 남녀의 싱글 라이프가 시작된다!');
Insert into DEV.MOVIE (MOVIE_ID,MOVIE_NAME,DIRECTOR,GENRE,ACTORS,RELEASE_DATE,AGE_LIMIT,RUNNING_TIME,PLOT) values ('23-008','나폴레옹','리들리 스콧','전쟁','호아킨 피닉스, 바네사 커비, 루디빈 사니에, 루퍼트 에버렛',to_date('2023/12/06 00:00:00','YYYY/MM/DD HH24:MI:SS'),15,158,'“스스로 황제가 된 영웅!
    세상을 정복한 영웅 아무것도 갖지 못한 황제,
    ‘나폴레옹’의 대서사가 펼쳐진다!');
Insert into DEV.MOVIE (MOVIE_ID,MOVIE_NAME,DIRECTOR,GENRE,ACTORS,RELEASE_DATE,AGE_LIMIT,RUNNING_TIME,PLOT) values ('23-001','서울의 봄','김성수','드라마','황정민, 정우성, 이성민, 박해준, 김성균',to_date('2023/11/22 00:00:00','YYYY/MM/DD HH24:MI:SS'),12,141,'1979년 12월 12일, 수도 서울 군사반란 발생
        그날, 대한민국의 운명이 바뀌었다');
Insert into DEV.MOVIE (MOVIE_ID,MOVIE_NAME,DIRECTOR,GENRE,ACTORS,RELEASE_DATE,AGE_LIMIT,RUNNING_TIME,PLOT) values ('23-002','괴물','고레에다 히로카즈','드라마','안도 사쿠라, 나가야마 에이타, 쿠로카와 소야, 히이라기 히나타, 타카하타 미츠키',to_date('2023/11/29 00:00:00','YYYY/MM/DD HH24:MI:SS'),12,127,'“우리 동네에는 괴물이 산다”
        태풍이 몰아치던 어느 날, 아무도 몰랐던 진실이 드러난다.');
Insert into DEV.MOVIE (MOVIE_ID,MOVIE_NAME,DIRECTOR,GENRE,ACTORS,RELEASE_DATE,AGE_LIMIT,RUNNING_TIME,PLOT) values ('23-003','뽀로로 극장판','윤제완','애니메이션','이선, 이미자, 함수정, 홍소영, 정미숙',to_date('2023/12/13 00:00:00','YYYY/MM/DD HH24:MI:SS'),0,78,'뽀로로와 친구들은 전 우주를 통틀어 최고의 슈퍼스타를 뽑는 음악 축제
        ‘파랑돌 슈퍼스타 선발대회’ 축제에 참가하기 위해 모험을 떠난다.');
Insert into DEV.MOVIE (MOVIE_ID,MOVIE_NAME,DIRECTOR,GENRE,ACTORS,RELEASE_DATE,AGE_LIMIT,RUNNING_TIME,PLOT) values ('23-004','아쿠아맨','제임스 완','액션','제이슨 모모아 ,  패트릭 윌슨 ,  야히아 압둘 마틴 2세 ,  앰버 허드 ,  니콜 키드먼',to_date('2023/12/20 00:00:00','YYYY/MM/DD HH24:MI:SS'),12,124,'아틀란티스 왕국을 이끌 왕의 자리에 오른 ‘아쿠아맨’,
        바다를 지배할 슈퍼 히어로가 세상의 판도를 바꾼다!');
Insert into DEV.MOVIE (MOVIE_ID,MOVIE_NAME,DIRECTOR,GENRE,ACTORS,RELEASE_DATE,AGE_LIMIT,RUNNING_TIME,PLOT) values ('23-005','노량-죽음의 바다','김한민','전쟁','김윤석, 백윤식, 정재영, 허준호, 김성규',to_date('2023/12/20 00:00:00','YYYY/MM/DD HH24:MI:SS'),12,124,'임진왜란 발발로부터 7년이 지난 1598년 12월,
        모두를 압도할 최후의 전투가 시작된다!');
REM INSERTING into DEV.BOOKS
SET DEFINE OFF;
Insert into DEV.BOOKS (BOOK_CODE,BOOK_NAME,AUTHOR,PUBLISHER,BOOK_COST) values ('D002','Do It! 자바 입문','박은종','이지스퍼블리싱',25000);
Insert into DEV.BOOKS (BOOK_CODE,BOOK_NAME,AUTHOR,PUBLISHER,BOOK_COST) values ('A001','이것이 리눅스다','우재남','한빛미디어',36000);
Insert into DEV.BOOKS (BOOK_CODE,BOOK_NAME,AUTHOR,PUBLISHER,BOOK_COST) values ('A002','혼자 공부하는 자바','신용권','한빛미디어',24000);
Insert into DEV.BOOKS (BOOK_CODE,BOOK_NAME,AUTHOR,PUBLISHER,BOOK_COST) values ('B001','자바스크립트 파워북','어포스트','어포스트',22000);
REM INSERTING into DEV.STUDENT
SET DEFINE OFF;
Insert into DEV.STUDENT (STUDENT_NUMBER,STUDENT_NAME,ENGLISH_SCORE,MATHEMATICS_SCORE) values ('23-002','고길동',77,88);
Insert into DEV.STUDENT (STUDENT_NUMBER,STUDENT_NAME,ENGLISH_SCORE,MATHEMATICS_SCORE) values ('23-001','홍길동',88,77);
Insert into DEV.STUDENT (STUDENT_NUMBER,STUDENT_NAME,ENGLISH_SCORE,MATHEMATICS_SCORE) values ('23-003','김현준',99,98);
--------------------------------------------------------
--  DDL for Index SYS_C007060
--------------------------------------------------------

  CREATE UNIQUE INDEX "DEV"."SYS_C007060" ON "DEV"."MOVIE" ("MOVIE_ID") 
  PCTFREE 10 INITRANS 2 MAXTRANS 255 COMPUTE STATISTICS 
  STORAGE(INITIAL 65536 NEXT 1048576 MINEXTENTS 1 MAXEXTENTS 2147483645
  PCTINCREASE 0 FREELISTS 1 FREELIST GROUPS 1 BUFFER_POOL DEFAULT FLASH_CACHE DEFAULT CELL_FLASH_CACHE DEFAULT)
  TABLESPACE "USERS" ;
--------------------------------------------------------
--  DDL for Index SYS_C007062
--------------------------------------------------------

  CREATE UNIQUE INDEX "DEV"."SYS_C007062" ON "DEV"."STUDENT" ("STUDENT_NUMBER") 
  PCTFREE 10 INITRANS 2 MAXTRANS 255 COMPUTE STATISTICS 
  STORAGE(INITIAL 65536 NEXT 1048576 MINEXTENTS 1 MAXEXTENTS 2147483645
  PCTINCREASE 0 FREELISTS 1 FREELIST GROUPS 1 BUFFER_POOL DEFAULT FLASH_CACHE DEFAULT CELL_FLASH_CACHE DEFAULT)
  TABLESPACE "USERS" ;
--------------------------------------------------------
--  DDL for Index SYS_C007064
--------------------------------------------------------

  CREATE UNIQUE INDEX "DEV"."SYS_C007064" ON "DEV"."T_USER" ("USER_ID") 
  PCTFREE 10 INITRANS 2 MAXTRANS 255 COMPUTE STATISTICS 
  STORAGE(INITIAL 65536 NEXT 1048576 MINEXTENTS 1 MAXEXTENTS 2147483645
  PCTINCREASE 0 FREELISTS 1 FREELIST GROUPS 1 BUFFER_POOL DEFAULT FLASH_CACHE DEFAULT CELL_FLASH_CACHE DEFAULT)
  TABLESPACE "USERS" ;
--------------------------------------------------------
--  DDL for Index SYS_C007066
--------------------------------------------------------

  CREATE UNIQUE INDEX "DEV"."SYS_C007066" ON "DEV"."SCHEDULE" ("SCHEDULE_ID") 
  PCTFREE 10 INITRANS 2 MAXTRANS 255 COMPUTE STATISTICS 
  STORAGE(INITIAL 65536 NEXT 1048576 MINEXTENTS 1 MAXEXTENTS 2147483645
  PCTINCREASE 0 FREELISTS 1 FREELIST GROUPS 1 BUFFER_POOL DEFAULT FLASH_CACHE DEFAULT CELL_FLASH_CACHE DEFAULT)
  TABLESPACE "USERS" ;
--------------------------------------------------------
--  DDL for Index SYS_C007067
--------------------------------------------------------

  CREATE UNIQUE INDEX "DEV"."SYS_C007067" ON "DEV"."BOOKS" ("BOOK_CODE") 
  PCTFREE 10 INITRANS 2 MAXTRANS 255 COMPUTE STATISTICS 
  STORAGE(INITIAL 65536 NEXT 1048576 MINEXTENTS 1 MAXEXTENTS 2147483645
  PCTINCREASE 0 FREELISTS 1 FREELIST GROUPS 1 BUFFER_POOL DEFAULT FLASH_CACHE DEFAULT CELL_FLASH_CACHE DEFAULT)
  TABLESPACE "USERS" ;
--------------------------------------------------------
--  DDL for Index SYS_C007069
--------------------------------------------------------

  CREATE UNIQUE INDEX "DEV"."SYS_C007069" ON "DEV"."TICKET" ("TICKET_ID") 
  PCTFREE 10 INITRANS 2 MAXTRANS 255 COMPUTE STATISTICS 
  STORAGE(INITIAL 65536 NEXT 1048576 MINEXTENTS 1 MAXEXTENTS 2147483645
  PCTINCREASE 0 FREELISTS 1 FREELIST GROUPS 1 BUFFER_POOL DEFAULT FLASH_CACHE DEFAULT CELL_FLASH_CACHE DEFAULT)
  TABLESPACE "USERS" ;
--------------------------------------------------------
--  DDL for Index SYS_C007066
--------------------------------------------------------

  CREATE UNIQUE INDEX "DEV"."SYS_C007066" ON "DEV"."SCHEDULE" ("SCHEDULE_ID") 
  PCTFREE 10 INITRANS 2 MAXTRANS 255 COMPUTE STATISTICS 
  STORAGE(INITIAL 65536 NEXT 1048576 MINEXTENTS 1 MAXEXTENTS 2147483645
  PCTINCREASE 0 FREELISTS 1 FREELIST GROUPS 1 BUFFER_POOL DEFAULT FLASH_CACHE DEFAULT CELL_FLASH_CACHE DEFAULT)
  TABLESPACE "USERS" ;
--------------------------------------------------------
--  DDL for Index SYS_C007069
--------------------------------------------------------

  CREATE UNIQUE INDEX "DEV"."SYS_C007069" ON "DEV"."TICKET" ("TICKET_ID") 
  PCTFREE 10 INITRANS 2 MAXTRANS 255 COMPUTE STATISTICS 
  STORAGE(INITIAL 65536 NEXT 1048576 MINEXTENTS 1 MAXEXTENTS 2147483645
  PCTINCREASE 0 FREELISTS 1 FREELIST GROUPS 1 BUFFER_POOL DEFAULT FLASH_CACHE DEFAULT CELL_FLASH_CACHE DEFAULT)
  TABLESPACE "USERS" ;
--------------------------------------------------------
--  DDL for Index SYS_C007064
--------------------------------------------------------

  CREATE UNIQUE INDEX "DEV"."SYS_C007064" ON "DEV"."T_USER" ("USER_ID") 
  PCTFREE 10 INITRANS 2 MAXTRANS 255 COMPUTE STATISTICS 
  STORAGE(INITIAL 65536 NEXT 1048576 MINEXTENTS 1 MAXEXTENTS 2147483645
  PCTINCREASE 0 FREELISTS 1 FREELIST GROUPS 1 BUFFER_POOL DEFAULT FLASH_CACHE DEFAULT CELL_FLASH_CACHE DEFAULT)
  TABLESPACE "USERS" ;
--------------------------------------------------------
--  DDL for Index SYS_C007060
--------------------------------------------------------

  CREATE UNIQUE INDEX "DEV"."SYS_C007060" ON "DEV"."MOVIE" ("MOVIE_ID") 
  PCTFREE 10 INITRANS 2 MAXTRANS 255 COMPUTE STATISTICS 
  STORAGE(INITIAL 65536 NEXT 1048576 MINEXTENTS 1 MAXEXTENTS 2147483645
  PCTINCREASE 0 FREELISTS 1 FREELIST GROUPS 1 BUFFER_POOL DEFAULT FLASH_CACHE DEFAULT CELL_FLASH_CACHE DEFAULT)
  TABLESPACE "USERS" ;
--------------------------------------------------------
--  DDL for Index SYS_C007067
--------------------------------------------------------

  CREATE UNIQUE INDEX "DEV"."SYS_C007067" ON "DEV"."BOOKS" ("BOOK_CODE") 
  PCTFREE 10 INITRANS 2 MAXTRANS 255 COMPUTE STATISTICS 
  STORAGE(INITIAL 65536 NEXT 1048576 MINEXTENTS 1 MAXEXTENTS 2147483645
  PCTINCREASE 0 FREELISTS 1 FREELIST GROUPS 1 BUFFER_POOL DEFAULT FLASH_CACHE DEFAULT CELL_FLASH_CACHE DEFAULT)
  TABLESPACE "USERS" ;
--------------------------------------------------------
--  DDL for Index SYS_C007062
--------------------------------------------------------

  CREATE UNIQUE INDEX "DEV"."SYS_C007062" ON "DEV"."STUDENT" ("STUDENT_NUMBER") 
  PCTFREE 10 INITRANS 2 MAXTRANS 255 COMPUTE STATISTICS 
  STORAGE(INITIAL 65536 NEXT 1048576 MINEXTENTS 1 MAXEXTENTS 2147483645
  PCTINCREASE 0 FREELISTS 1 FREELIST GROUPS 1 BUFFER_POOL DEFAULT FLASH_CACHE DEFAULT CELL_FLASH_CACHE DEFAULT)
  TABLESPACE "USERS" ;
--------------------------------------------------------
--  Constraints for Table SCHEDULE
--------------------------------------------------------

  ALTER TABLE "DEV"."SCHEDULE" ADD PRIMARY KEY ("SCHEDULE_ID")
  USING INDEX PCTFREE 10 INITRANS 2 MAXTRANS 255 COMPUTE STATISTICS 
  STORAGE(INITIAL 65536 NEXT 1048576 MINEXTENTS 1 MAXEXTENTS 2147483645
  PCTINCREASE 0 FREELISTS 1 FREELIST GROUPS 1 BUFFER_POOL DEFAULT FLASH_CACHE DEFAULT CELL_FLASH_CACHE DEFAULT)
  TABLESPACE "USERS"  ENABLE;
--------------------------------------------------------
--  Constraints for Table TICKET
--------------------------------------------------------

  ALTER TABLE "DEV"."TICKET" ADD PRIMARY KEY ("TICKET_ID")
  USING INDEX PCTFREE 10 INITRANS 2 MAXTRANS 255 COMPUTE STATISTICS 
  STORAGE(INITIAL 65536 NEXT 1048576 MINEXTENTS 1 MAXEXTENTS 2147483645
  PCTINCREASE 0 FREELISTS 1 FREELIST GROUPS 1 BUFFER_POOL DEFAULT FLASH_CACHE DEFAULT CELL_FLASH_CACHE DEFAULT)
  TABLESPACE "USERS"  ENABLE;
--------------------------------------------------------
--  Constraints for Table T_USER
--------------------------------------------------------

  ALTER TABLE "DEV"."T_USER" MODIFY ("PASSWD" NOT NULL ENABLE);
  ALTER TABLE "DEV"."T_USER" ADD PRIMARY KEY ("USER_ID")
  USING INDEX PCTFREE 10 INITRANS 2 MAXTRANS 255 COMPUTE STATISTICS 
  STORAGE(INITIAL 65536 NEXT 1048576 MINEXTENTS 1 MAXEXTENTS 2147483645
  PCTINCREASE 0 FREELISTS 1 FREELIST GROUPS 1 BUFFER_POOL DEFAULT FLASH_CACHE DEFAULT CELL_FLASH_CACHE DEFAULT)
  TABLESPACE "USERS"  ENABLE;
--------------------------------------------------------
--  Constraints for Table MOVIE
--------------------------------------------------------

  ALTER TABLE "DEV"."MOVIE" MODIFY ("MOVIE_NAME" NOT NULL ENABLE);
  ALTER TABLE "DEV"."MOVIE" ADD PRIMARY KEY ("MOVIE_ID")
  USING INDEX PCTFREE 10 INITRANS 2 MAXTRANS 255 COMPUTE STATISTICS 
  STORAGE(INITIAL 65536 NEXT 1048576 MINEXTENTS 1 MAXEXTENTS 2147483645
  PCTINCREASE 0 FREELISTS 1 FREELIST GROUPS 1 BUFFER_POOL DEFAULT FLASH_CACHE DEFAULT CELL_FLASH_CACHE DEFAULT)
  TABLESPACE "USERS"  ENABLE;
--------------------------------------------------------
--  Constraints for Table BOOKS
--------------------------------------------------------

  ALTER TABLE "DEV"."BOOKS" MODIFY ("BOOK_NAME" NOT NULL ENABLE);
  ALTER TABLE "DEV"."BOOKS" ADD PRIMARY KEY ("BOOK_CODE")
  USING INDEX PCTFREE 10 INITRANS 2 MAXTRANS 255 COMPUTE STATISTICS 
  STORAGE(INITIAL 65536 NEXT 1048576 MINEXTENTS 1 MAXEXTENTS 2147483645
  PCTINCREASE 0 FREELISTS 1 FREELIST GROUPS 1 BUFFER_POOL DEFAULT FLASH_CACHE DEFAULT CELL_FLASH_CACHE DEFAULT)
  TABLESPACE "USERS"  ENABLE;
--------------------------------------------------------
--  Constraints for Table STUDENT
--------------------------------------------------------

  ALTER TABLE "DEV"."STUDENT" MODIFY ("STUDENT_NAME" NOT NULL ENABLE);
  ALTER TABLE "DEV"."STUDENT" ADD PRIMARY KEY ("STUDENT_NUMBER")
  USING INDEX PCTFREE 10 INITRANS 2 MAXTRANS 255 COMPUTE STATISTICS 
  STORAGE(INITIAL 65536 NEXT 1048576 MINEXTENTS 1 MAXEXTENTS 2147483645
  PCTINCREASE 0 FREELISTS 1 FREELIST GROUPS 1 BUFFER_POOL DEFAULT FLASH_CACHE DEFAULT CELL_FLASH_CACHE DEFAULT)
  TABLESPACE "USERS"  ENABLE;
--------------------------------------------------------
--  Ref Constraints for Table SCHEDULE
--------------------------------------------------------

  ALTER TABLE "DEV"."SCHEDULE" ADD FOREIGN KEY ("MOVIE_ID")
	  REFERENCES "DEV"."MOVIE" ("MOVIE_ID") ENABLE;
--------------------------------------------------------
--  Ref Constraints for Table TICKET
--------------------------------------------------------

  ALTER TABLE "DEV"."TICKET" ADD FOREIGN KEY ("USER_ID")
	  REFERENCES "DEV"."T_USER" ("USER_ID") ENABLE;
  ALTER TABLE "DEV"."TICKET" ADD FOREIGN KEY ("SCHEDULE_ID")
	  REFERENCES "DEV"."SCHEDULE" ("SCHEDULE_ID") ENABLE;
